Publisher,MAE,prediction1,prediction2,prediction3,prediction4,prediction5
Activision,5.181231722344018,5.097122950960946,32.085179794472985,1.719033879229796,87.44858888505607,4.274660449405852
Nintendo,26.468343643530226,69.27962250698738,68.95806255681094,103.86493311161354,72.46650911670831,43.692457148758066
Electronic Arts,10.990903635568198,95.55929019333342,70.66088056916014,5.1171210705196595,20.001916152420147,
Sony Computer Entertainment,16.526021191476875,16.42889016951412,28.407351302065965,39.027552350173195,49.24499354828616,
Ubisoft,7.100618164458929,0.0,20.28790368299369,34.429623659170595,0.0,
