Publisher,MAE,prediction1,prediction2,prediction3,prediction4,prediction5
Activision,18.964155820320027,-1.0235993358477509,32.571525972883165,-1.7100990144967771,4.904505946497245,5.453112670636008
Nintendo,31.4165508916777,74.30717324754934,81.60108513449498,87.10936468802518,71.02627985222594,35.447580912143444
Electronic Arts,21.69386359532447,108.52894528055896,95.68267073561759,14.199075941620615,19.565237576499282,
Sony Computer Entertainment,16.526021191476868,16.428890169514123,28.407351302065972,39.027552350173195,49.24499354828613,
Ubisoft,14.074656488000793,-2.535053221513175,22.116793586739252,7.17047032990458,0.06916335286616926,
