Publisher,MAE,prediction1,prediction2,prediction3,prediction4,prediction5
Activision,8.35579,0.5103833333333335,24.952600000000004,2.6305333333333336,57.922399999999996,2.323800000000001
Nintendo,21.602494444444442,55.264722222222225,62.75744444444445,106.85325000000003,60.293944444444456,54.73961111111111
Electronic Arts,11.293600000000003,66.75875,55.509433333333334,3.4735833333333326,38.22099999999999,
Sony Computer Entertainment,8.224743749999998,16.258666666666667,30.20454166666666,28.36669722222222,28.66815277777777,
Ubisoft,5.182236250000001,2.4493500000000012,22.31647166666668,47.366850000000014,0.5679166666666664,
