Publisher,MAE,prediction1,prediction2,prediction3,prediction4,prediction5
Activision,9.346740000000011,1.3868499999999997,18.93740000000001,2.66425,57.85669999999994,2.040400000000001
Nintendo,24.02304,60.29509999999998,55.59639999999999,89.10199999999993,58.54609999999998,52.96960000000002
Electronic Arts,10.118275000000013,65.67729999999997,60.811899999999994,7.177099999999995,47.835200000000015,
Sony Computer Entertainment,8.163074999999996,15.352199999999991,28.94570000000001,30.975799999999996,25.460000000000004,
Ubisoft,4.705975000000004,1.4970000000000008,26.783099999999994,48.092000000000006,1.4520000000000008,
